﻿"rayon";"naimenovanie";"fakticheskiy_adres_";"grafik_raboty";"phone";"sayt";"naimenovanie_uslugi";"moyka_gruzovykh_avtomobiley";"beznalichnyy_raschet";"geodata_longtitude";"geodata_latitude"
"Ясногорский район";"Автотехцентр «ПроСТО»";"Тульская обл., Ясногорский р-н, г. Ясногорск, ул. Советская, 23а";"Ежедневно, 8:00–22:00";"+7 (920) 775-84-26 +7 (920) 777-55-77 ";"https://vk.com/avtoservisyasnogorsk";"мойка: бесконтактная, ручная, комплексная, двигателя, днища колёс, химчистка салона, нанесение защитного воска, чернение резины, бесплатный wi-fi, полировка, шиномонтаж";"Нет";"Да";"37.684666";"54.480312"
"Ясногорский район";"Автотехцентр «Ясногория»";"Тульская обл., Ясногорский р-н, г. Ясногорск, ул. П. Добрынина, 9";"Ежедневно, 7:00–21:00";"+7 (48766) 2-78-06 +7 (980) 722-22-27 ";"https://vk.com/yasnogoriya.avto";"мойка: двигателя, бесконтактная, комплексная, химчистка салона, чернение резины, нанесение защитного воска, кафе, бесплатный wi-fi, полировка, тонировка, шиномонтаж, автосервис, предварительная запись";"Нет ";"Нет";"37.689368";"54.490233"
"Ясногорский район";"Шиномонтаж на ХПП";"Тульская обл., Ясногорский р-н, г. Ясногорск, ул. Советская, 13";"Ежедневно, 9:00–21:00";"+7 (953) 966-61-61";" https://vk.com/club129179802";"бесплатный wi-fi, предварительная запись, шиномонтаж, полировка";"Да";"Нет";"37.688512";"54.477724"
"Ясногорский район";"Автосервис";"Тульская обл., Ясногорский р-н, г. Ясногорск, ул. Заводская, 25";"Ежедневно, 9:00–18:00";"+7 (960) 604-78-34";"";"ручная мойка";"Нет";"Нет";"37.701691";"54.467182"
"Ясногорский район";"Автомобильная мойка Самообслуживание 24 часа";"Тульская обл., Ясногорский р-н, г. Ясногорск, ул. Заводская, 8";"Круглосуточно";"+7 (915)688-30-59";"";"самообслуживание, ручная мойка, пылесос";"Да";"Нет";"37.697788";"54.475336"
"Ясногорский район";"Автомобильная мойка";"Тульская обл., Ясногорский р-н, г. Ясногорск, ул. П.Смидовича, 10";"Ежедневно, 9:00–23:00";"+7 (48766) 4-02-02";"";"ручная мойка";"Нет";"Нет";"37.703882";"54.483614"
"Узловский район";"ИП Чернецов А.В. «МойАвто»";"г. Узловая, ул. Тульская, ориентир дом 41-а";"круглосуточно";"903-843-12-18";"нет";"Ручная мойка, химчистка салона";"Да";"Нет";"38.141633";"53.992863"
"Узловский район";"ИП Елисеев Алексей Юрьевич ООО ""Южные Ворота""";"г. Узловая ул. 14 Декабря, д. 60-а";"С 9.00 до 21.00";"960-594-51-20";"нет";"Ручная мойка, химчистка салона";"Нет";"Да";"38.162620";"53.959459"
"Узловский район";"ИП Мишин С.С. «Автомойка»";"г. Узловая, ул. Заводская, д. 1";"С 9.00 до 22.00";"920-276-62-21";"нет";"Ручная мойка, химчистка салона";"Нет";"Нет";"38.175762";"53.969571"
"Узловский район";"ИП Митин И.А. автосервис «Мастер»";"г. Узловая, ул. Заводская, д.9";"С 8.00 до 20.00";"8(48731) 5-75-05";"нет";"Ручная мойка, химчистка салона";"Нет";"Да";"38.172636";"53.970433"
"Узловский район";"Автосервис «Автоклуб» Колосов П.В.";"г. Узловая, ул. Циолковского д. 5-а";"кругло-суточно";"960-594-84-11";"нет";"Ручная мойка, химчистка салона";"Нет";"Да";"38.153621";"53.980358"
"Узловский район";"ИП Самойлов И.А.";"г. Узловая, Советская площадь, д. 8";"С 9.00 до 20.00";"960-598-99-95";"нет";"Ручная мойка, химчистка салона";"Нет";"Нет";"38.163146";"53.983945"
"Узловский район";"ИП Васильев Р.С. «Автомойка»";"г. Узловая , Советская площадь, д. 9";"С 9.00 до 21.00";"967-431-55-00";"нет";"Ручная мойка, химчистка салона";"Нет";"Нет";"38.163624";"53.983489"
"Узловский район";"ИП Красников А.В. «Мотор-сервис»";"г. Узловая, ул. Линейная,д. 80";"С 9.00 до 21.00";"48731-5-00-79";"нет";"Ручная мойка, химчистка салона";"Да";"Нет";"38.141293";"53.994518"
"г. Тула";"Автомойка, ИП Мужичков Н.А.";"г. Тула, Одоевское шоссе, 17а/1";"8.00-22.00";" 8?919?074?67?79";"нет";"Автоматическая мойка, химчистка, зал ожидания";"Нет";"Нет";"37.558095";"54.195113"
"г. Тула";"Автомойка, ИП Овчинников С.В.";"г. Тула, Октябрьская, 42а";"круглосуточный режим работы.";" (4872) 71?71?61";"http://avtomoykatula.ru";"Зал ожидания, кафе, детейлинг, химчистка механическая, наномойка, мойка «Евростандарт», ручная мойка, Wi-Fi";"Нет";"Да";"37.620573";"54.211034"
"г. Тула";"Автомойка, ИП Паценко А.А.";"г. Тула, Пороховая, 195";"круглосуточный режим работы.";" (4872) 70?11?57";"нет";"Wi-Fi, ручная мойка, химчистка, зал ожидания, кафе";"Нет";"Нет";"37.605321";"54.218469"
"г. Тула";"Автомойка, ИП Прокофьева В.Э.";"г. Тула, Декабристов, 178Б";"8.00-22.00";"8?905?627?56?80 ";"нет";"Автоматическая мойка, ручная мойка, химчистка, зал ожидания";"Нет";"Нет";"37.677831";"54.196973"
"г. Тула";"Автомойка, ИП Проскурин Д.А.";"г. Тула, Скуратовская, 124";"8.00-22.00";"(4872) 23?18?75";"нет";"Автоматическая мойка, ручная мойка, химчистка, зал ожидания, кафе";"Нет";"Да";"37.583293";"54.144129"
"г. Тула";"Автомойка, ИП Тарасов В.Б.";"г. Тула, Дмитрия Ульянова, 34";"8.00-22.00";"(4872) 21?16?00; 8?910?703?67?69";"нет";"Автоматическая мойка, бесконтактная мойка, ручная мойка, химчистка, зал ожидания, кафе";"Нет";"Да";"37.579529";"54.188133"
"г. Тула";"Автомойка, ООО Автосоюз";"г. Тула, Лозинского, 35";"9.00-20.00";" 8?920?777?30?20";"нет";"Автоматическая мойка, ручная мойка, химчистка, зал ожидания";" Нет";"Да";"37.618264";"54.176446"
"г. Тула";"Автомойка, ООО Автоцентр ГАЗ-Тула";"г. Тула, Нормандия-Неман, 37/2";"8.00-20.00";"(4872) 43?93?90";"нет";"Ручная мойка, химчистка, зал ожидания, кафе";"Нет";"Да";"37.632205";"54.227742"
"г. Тула";"Автомойка, ООО Престиж";"г. Тула, Пролетарская, 1а — вход со двора";"круглосуточный режим работы.";" 8?919?071?71?01";"нет";"Wi-Fi, автоматическая мойка, химчистка, зал ожидания";"Нет";"Да";"37.631317";"54.195366"
"г. Тула";"Автомойка, ООО Коста";"г. Тула, г. Тула, Пузакова, 151";"8.00-21.00";"(4872) 34?86?85";"нет";"Автоматическая мойка, ручная мойка, химчистка, зал ожидания, кафе, wifi";"Нет";"Да";"37.608077";"54.220721"
"г. Тула";"Автомойка, ООО Парус";"г. Тула, Ложевая, 138Б";"круглосуточный режим работы.";"8-950-922-84-85";"нет";" Ручная мойка, химчистка, зал ожидания";"Да";"Да";"37.661482";"54.196225"
"г. Тула";"Автомойка, ООО Парус";"г. Тула, Пролетарская, 28а";"круглосуточный режим работы.";"8-920-772-24-24";"нет";"Wi-Fi, ручная мойка, химчистка, зал ожидания, кафе";"Да";"Да";"37.639545";"54.203419"
"г. Тула";"Автомойка, ООО Строй инвест";"г. Тула, Сойфера, 16а";"круглосуточный режим работы.";" 8?953?950?71?12";"нет";" Ручная мойка, бесконтактная мойка,химчистка, зал ожидания";"Нет";"Да";"37.599543";"54.199022"
"г. Тула";"Автомойка, На Путейской";"г. Тула, Путейская, 23а";"8.00-21.00";"8-920-751-64-88";"нет";"Wifi, ручная мойка, химчистка, зал ожидания, кафе";"Нет";"Да";"37.576816";"54.195466"
"г. Тула";"АвтоСПА71, автомойка";"г. Тула, Кутузова, 38а";"8.00-22.00.";"8 (960) 598-38-28";"http://www.autospa71.ru/";"Wi-Fi, бесконтактная мойка, ручная мойка, химчистка, зал ожидания";"Нет";"Да";"37.678607";"54.203439"
"г. Тула";"АВТОТЕХЦЕНТР НА ЛОЖЕВОЙ";"г. Тула, Ложевая, 138";"8.00-21.00";"(4872) 71-71-62, 8-967-431-71-62";"нет";"Wi-Fi, предварительная запись, ручная мойка, химчистка, зал ожидания, кафе";"Нет";"Да";"37.659299";"54.196599"
"г. Тула";"Автотрейд, ООО, автомойка";"г. Тула, Коминтерна, 24а";"круглосуточный режим работы.";"8-910-700-25-52";"нет";"Wi-Fi, бесконтактная мойка, ручная мойка, химчистка, зал ожидания";"Нет";"Да";"37.602472";"54.200549"
"г. Тула";"Автоцентр на Октябрьской";"г. Тула,Октябрьская, 1а";"8.30-21.30";"8-919-072-10-10";"нет";" Ручная мойка, химчистка, зал ожидания, кафе";"Нет";"Нет";"37.602579";"54.105943"
"г. Тула";"Автоцентр, ИП Апенкина М.А.";"г. Тула, Волоховский 4-й проезд, 1Б/1";"9.00-21.00";"8?903?659?67?34";"нет";"Предварительная запись, ручная мойка, зал ожидания";"Нет";"Нет";"37.600164";"54.157498"
"г. Тула";"Автоцентр, ИП Дели В.Г.";"г. Тула, Октябрьская, 182";"9.00-22.00";"8-960-598-70-07";"нет";"Предварительная запись, Ручная мойка, Химчистка, Зал ожидания";"Нет";"Да";"37.627642";"54.224906"
"г. Тула";"Автоцентр, ИП Терещенко";"г. Тула, Макаренко, 26а";"8.00-21.00";"8-903-841-82-39";"нет";"Предварительная запись, ручная мойка, химчистка, зал ожидания, кафе";"Нет";"Нет";"37.569108";"54.167971"
"г. Тула";"Автоцентр, ИП Синдеев А.Б.";"г. Тула, Мира, 26";"9.00-21.00";"(4872) 24-75-02";"нет";"Предварительная запись, бесконтактная мойка, ручная мойка, химчистка, зал ожидания";"Нет";"Нет";"37.581837";"54.172789"
"г. Тула";"Автомойка у Набережной";"г. Тула, Пролетарская, 1Б/1";"круглосуточный режим работы.";"8-910-152-21-21";"нет";"Предварительная запись,автоматическая мойка, ручная мойка, химчистка, зал ожидания, кафе";"Нет";"Да";"37.631058";"54.195204"
"г. Тула";"Автоцентр, ООО ОтделстройСервис";"г. Тула, Тимирязева проезд, 6 — въезд со двора";"9.00-21.00";"(4872) 30-45-67";"нет";"Предварительная запись, хранение шин, ручная мойка, химчистка, зал ожидания";"Нет";"Да";"37.606945";"54.177179"
"г. Тула";"Автокомплекс, Блеск-авто";"г. Тула, Демидовская Плотина, 14а";"круглосуточный режим работы.";"8-910-555-30-30";"нет";"Автоматическая мойка, ручная мойка, химчистка, зал ожидания";"Нет";"Да";"37.631247";"54.200704"
"г. Тула";" Автотехцентр, Виста";"г. Тула, Павшинский мост, 2а";"8.30-20.00";"(4872) 25-00-45";"http://vista-auto.ru";"Wifi,ручная мойка, химчистка, зал ожидания, кафе";"Да";"Да";"37.578617";"54.207253"
"г. Тула";"Аквасервис, автоцентр";"г. Тула, Максима Горького, 37в";"круглосуточный режим работы.";"(4872) 47-36-26";"нет";"Wi-Fi, ручная мойка, химчистка, зал ожидания, кафе";"Нет";"Да";"37.599705";"54.216983"
"г. Тула";"Аква-Про, автоцентр";"г. Тула, Ленина проспект, 130Б";"8.00-22.00";"(4872) 700-200";"нет";"Wi-Fi, предварительная запись, ручная мойка, химчистка, бесконтактная мойка, зал ожидания";"Нет";"Да";"37.58155";"54.149598"
"г. Тула";"Блеск авто, автомойка";"г. Тула, Рязанская, 22/1";"круглосуточный режим работы.";"8-950-909-29-00";"нет";"Ручная мойка, химчистка,Wi-Fi,зал ожидания ";"Нет";"Да";"37.593189";"54.155536"
"г. Тула";"Омега-Авто, автосервис";"г. Тула, Рязанская, 52";"9.00-20.00";"8-910-702-37-18";"http://omegatula.ru";"Ручная мойка, химчистка, зал ожидания, Wifi, бесконтактная мойка";"Нет";"Да";"37.635557";"54.169284"
"г. Тула";"САМ, сеть автомоек самообслуживания";"г. Тула, Вильямса, 46/3";"круглосуточный режим работы.";"нет";"http://pomoysam.ru/";"ручная мойка";"Нет";"Нет";"37.696759";"54.211492"
"г. Тула";"САМ, сеть автомоек самообслуживания";"г. Тула, Парковая 11";"круглосуточный режим работы.";"нет";"http://pomoysam.ru/";"ручная мойка";"Нет";"Нет";"37.529475";"54.187308"
"г. Тула";"Светлана, автомойка";"г. Тула, Болдина, 57а";"круглосуточный режим работы.";"(4872) 21-22-22";"нет";"ручная мойка, химчистка, зал ожидания, кафе";"Нет";"Нет";"37.573923";"54.179998"
"г. Тула";"ООО Ягор, автомойка";"г. Тула, Дульная, 124а";"круглосуточный режим работы.";"(4872) 71-75-75";"http://www.jagor.ru";"Wifi, бесконтактная мойка, зал ожидания";"Да";"Нет";"37.598582";"54.220400"
"г. Тула";"Мотель Минутка";"г. Тула, Щегловская засека, 25а";"8.00-22.00";"(4872) 41?92?48";"нет";"Wifi, предварительная запись, ручная мойка, химчистка, зал ожидания, кафе, ";"Да";"Да";"37.682700";"54.220426"
"г. Тула";"Автомойка ""Автогруз""";"г.Тула, ул.Горсовета, д.2в/1";"9.00-20.00";"8-953-187-87-36";"htpp://www.avtogruz-tula.ru";"Автоматическая мойка, химчистка, зал ожидания, кафе";"Да";"Нет";"37.689975";"54.184775"
"г. Тула";"Автомойка ""АвтоЛидер""";"г.Тула, Кирова, 171а";"8.00-20.00";"(4872)70-17-33";"нет";"Ручная мойка, бесконтактная мойка, химчистка, зал ожидания";"Нет";"Нет";"37.672756";"54.216676"
"г. Тула";"Автомойка на Павшинском мосту";"г.Тула, Павшинский мост, 4а";"круглосуточный режим работы.";"8-920-276-07-77";"нет";"Ручная мойка, химчистка, бесконтактная мойка,зал ожидания, кафе";"Нет";"Да";"37.575136";"54.208427"
"г. Тула";"Автомойка ИП Аксенов Р.С.";"г.Тула, ул.Мосина, 33а";"круглосуточный режим работы.";"(4872)36-55-37, 8-903-421-22-22";"нет";"Ручная мойка, химчистка,бесконтактная мойка, зал ожидания, кафе";"Нет";"Да";"37.588772";"54.202155"
"г. Тула";"Автомойка ИП Бурмистров В.И.";"г.Тула, ул.Хворостухина 3Б";"с 8-00 до 22-00";"(4872)48-04-80";"нет";"Ручная мойка, бесконтактная мойка, химчистка, зал ожидания, кафе";"Нет";"Да";"37.687641";"54.208591"
"г. Тула";"Автомойка, ИП Григорян А.В.";"г.Тула, Фрунзе, 1а";"круглосуточный режим работы.";"8?920?772?50?58";"нет";"Ручная мойка, бесконтактная мойка, химчистка, зал ожидания, кафе";"Да";"Да";"37.593327";"54.201897"
"г. Тула";"Автомойка ИП Денисов В.А.";"г.Тула, Калужское шоссе, 2Б";"8.00-21.00";"8-953-435-55-59";"нет";"Ручная мойка, бесконтактная мойка, химчистка, зал ожидания, кафе";"Нет";"Нет";"37.582179";"54.156753"
"г. Тула";"Автомойка ИП Евстигнеев С.Н.";"г.Тула, ул.Мосина, 17";"круглосуточный режим работы.";"8-962-272-27-37";"нет";"Wi-fi, бесконтактная мойка, химчистка, зал ожидания";"Нет";"Нет";"37.607763";"54.201339"
"г. Тула";"Автомойка ИП Забирко М.А.";"г.Тула, Новомосковское шоссе, 52а";"круглосуточный режим работы.";"(4872)70-14-24";"нет";"Бесконтактная мойка, зал ожидания";"Нет";"Нет";"37.636051";"54.160976"
"г. Тула";"Автомойка ИП Игнатова С.В.";"г.Тула, Московское шоссе, 2в";"8.00-21.00";"(4872)75-06-09";"нет";"Бесконтактная мойка, зал ожидания";"Нет";"Да";"37.609137";"54.251795"
"г. Тула";"Автомойка, ИП Тагиев В.Ф.";"г.Тула, ул.Каракозова 79в";"круглосуточный режим работы.";"8-920-771-07-51";"нет";"Автоматическая мойка, ручная мойка, химчистка, зал ожидания";"Нет";"Да";"37.646624";"54.209044"
"г. Тула";"Автомойка, ИП Кирилкин С.А.";"г.Тула, Октябрьская 88Б";"8.00-22.00";"8-920-751-75-17";"нет";"Ручная мойка, химчистка, зал ожидания, ";"Нет";"Да";"37.625415";"54.220479"
"г. Тула";"Автомойка, ИП Леликова Ю.Ю.";"г.Тула, ул.Металлургов 86/2";"8.00-22.00";"8-919-082-39-96";"нет";"Бесконтактная мойка,химчистка, зал ожидания, ";"Нет";"Нет";"37.680656";"54.196522"
"г. Тула";"Автомойка, ИП Лобов Д.Н.";"г.Тула, Калужское шоссе, 2в";"8.00-20.00";"(4872)33-39-93";"нет";"Автоматическая мойка, ручная мойка химчистка, зал ожидания, кафе";"Нет";"Нет";"37.581209";"54.156627"
"г. Тула";"Автомойка, ИП Миллер Н.Н.";"г.Тула, ул.Галкина, 9а";"8.00 -21.00";"(4872)49-04-44, (4872)49-79-49";"нет";"Автоматическая мойка, ручная мойка, химчистка, Зал ожидания, кафе, Wifi";"Да";"Да";"37.623672";"54.207648"
"г. Тула";"Автомойка, ИП Мишина Н.Л.";"г.Тула, ул.Кутузова, 67";"круглосуточный режим работы.";"8-906-628-13-00";"нет";"Бексонтактная мойка, химчистка, зал ожидания, кафе";"Нет";"Да";"37.683060";"54.201265"
"г. Тула";"Автомойка ООО Гайсма";"г.Тула, ул.Курковая, 9а ";"8.00-20.00";"8-910-160-18-18";"нет";"Бесконтактная мойка, химчистка, зал ожидания";"Да";"Нет";"37.596219";"54.209944"
"г. Тула";"Автомойка Аква Порт";"г.Тула, Новомосковское шоссе 54/4";"круглосуточный режим работы.";"(4872)71-75-11";"нет";"Wi-fi, ручная мойка, бесконтактная мойка, химчистка, зал ожидания, кафе";"Да";"Да";"37.635457";"54.160396"
"г. Тула";"Автомойка Депо ";"г.Тула, ул.Станиславского, 51";"9.00-21.00";" 8-910-942-22-22";"http://www.autodepo71.ru/";"Wi-fi, бесконтактная мойка, химчистка, зал ожидания, кафе";"Нет";"Да";"37.603666";"54.163575"
"г. Тула";"Автомойка Кортекс";"г.Тула, Красный 1-й пер. 15";"9.00-18.00";"(4872)30-13-03";"htpp://www.korteks71.ru";"Бесконтактная мойка, химчистка, зал ожидания";"Нет";"Да";"37.608966";"54.200354"
"г. Тула";"Автомойка 71";"г.Тула, ул.Болдина, 47Б";"9.00-22.00";"8-952-015-37-77";"нет";"Бесконтактная мойка, ручная мойка, химчистка, зал ожидания, кафе";"Нет";"Да";"37.575052";"54.181181"
"г. Тула";"Автомойка ""Люкс""";"г.Тула, ул.Пролетарская, 26а";"круглосуточный режим работы.";"8-953-960-69-99";"нет";"Бесконтактная мойка, ручная мойка, химчистка, зал ожидания, кафе, wifi";"Нет";"Да";"37.638404";"54.202340"
"г. Тула";"Автомойка ""Мастер Комсервис""";"г.Тула, Щегловская засека, 33а";"8.00-22.00";" 8-962-274-35-74";"нет";"Бесконтактная мойка, Ручная мойка, химчистка, зал ожидания, Wifi";"Нет";"Да";"37.691108";"54.220911"
"г. Тула";"Автомойка ""Технодвор""";"г.Тула, ул.Ложевая, 130а";"9.00-22.00";"8-910-162-02-02";"нет";"Wi-Fi, бесконтактная мойка, химчистка, зал ожидания";"Нет";"Да";"37.649804";"54.199037"
"г. Тула";"Автомойка ""Урарту""";"г.Тула, ул.Кобзева, 35";" 8-00 - 22.00";"(4872)44-45-65";"нет";"Автоматическая мойка, бесконтактная мойка, химчистка, зал ожидания, кафе";"Да";"Да";"37.631945";"54.236279"
"г. Тула";"Автомойка ""ФиБ""";"г.Тула, ул.Маршала Жукова, 9";"8.00 - 20.00";"(4872)33-99-98";"http://www.autofib.ru";"Бесконтактная мойка, химчистка, зал ожидания, wifi";"Нет";"Да";"37.535763";"54.191789"
"г. Тула";"Автомойка ""Энергосток""";"г.Тула, ул.Доватора 2Б";"8.00 - 22.00";" 8-920-765-66-66";"http://www.energostok.tula.ru/";"Бесконтактная мойка, химчистка, зал ожидания, кафе";"Нет";"Да";"37.705553";"54.178273"
"г. Тула";"Автомойка ""Moyka""";"г.Тула, Орловское шоссе, 61Б";"круглосуточный режим работы.";" 8-960-610-66-22";"нет";"Бесконтактная мойка, химчистка, зал ожидания, кафе";"Нет";"Да";"37.555921";"54.111475"
"г. Тула";"Автомойка ГК Автошина";"г.Тула, ул.Рязанская, 7";"9.00-21.00";"(4872)25-07-76";"нет";"Бесконтактная мойка, химчистка, зал ожидания, кафе";"Нет";"Да";"37.625711";"54.165884"
"г. Тула";"Автомойка ""Waxsoyl""";"г.Тула, Тимирязева проезд,4";"9.00-20.00";"(4872)31-86-85";"нет";"Бесконтактная мойка, химчистка, зал ожидания";"Нет ";"Нет";"37.608329";"54.176763"
"г. Тула";"САМ, сеть автомоек самообслуживания";"г. Тула, ул.Рязанская, 46а";"круглосуточный режим работы.";"нет";"http://pomoysam.ru/";"Ручная мойка";"Нет";"Нет";"37.632134";"54.167038"
"г. Тула";"САМ, сеть автомоек самообслуживания";"г. Тула, ул. Ряжская,6б/1";"круглосуточный режим работы.";"нет";"http://pomoysam.ru/";"Ручная мойка";"Нет";"Нет";"37.626679";"54.208606"
"г. Тула";" Автотехцентр, Виста";"г. Тула, Новомосковское шоссе, 52/4";"9.00-18.00";"(4872) 25-05-05";"http://vista-auto.ru";"Wifi,Ручная мойка, Химчистка, зал ожидания, кафе";"Да";"Да";"37.635060";"54.160775"
"г. Тула";"САМ, сеть автомоек самообслуживания";"г. Тула, Веневское шоссе ,2б";"круглосуточный режим работы.";"нет";"http://pomoysam.ru/";"Ручная мойка";"Нет";"Нет";"37.647185";"54.209769"
"г. Тула";"Автомойка, Петровский автосервис";"г. Тула, ул.Парковая, уч.10";"9.00-19.00";"8-920-270-19-48";"htpp://петрвоский-автосервис.рф";"Бесконтактная мойка, химчистка,зал ожидания, wifi";"Нет";"Да";"37.518650";"54.185747"
"г. Тула";"Автокомплекс,Хонда моторс";"г. Тула, ул.Новомосковское шоссе, 54";"10.00-19.00";"8-910-166-11-11";"нет";"Технологическая мойка, зал ожидания";"Нет";"Нет";"37.635584";"54.159321"
"г. Тула";"Автомойка,Азон";"г. Тула, ул.Ушинского, 40Б";"круглосуточный режим работы.";"8-905-624-18-94";"нет";"Бесконтактная мойка,ручная мойка, зал ожидания";"Нет";"Нет";"37.701745";"54.208148"
"г. Тула";"Автомойка,Питстоп";"г. Тула, ул.Луначарского, 54";"круглосуточный режим работы.";"8-953-427-32-33";"нет";"Ручная мойка, зал ожидания,wifi";"Нет";"Нет";"37.611275";"54.206958"
"г. Тула";"Автомойка,ИП Рудаков А.Б.";"г. Тула, ул.Либкхнехта, 41";"9.00-22.00";"8-902-901-09-03";"нет";"Бесконтактная мойка, зал ожидания,химчистка";"Нет";"Нет";"37.640363";"54.185894"
"г. Тула";"Автомойка";"г. Тула, ул.Нижняя студенка , 2В";"круглосуточный режим работы.";"8-903-697-24-91";"нет";"Бесконтактная мойка, зал ожидания,химчистка";"Нет";"Нет";"37.571615";"54.208080"
"г. Тула";"Автомойка, Прогресс";"г. Тула, ул.Овражная, 15";"круглосуточный режим работы.";"8-902-901-96-18";"нет";"Бесконтактная мойка, ручная мойка, зал ожидания,химчистка";"Да";"Нет";"37.603038";"54.151001"
"г. Тула";"Автомойка, ИП Самедов Б.К.";"г. Тула, ул.Одоевская, 37";"круглосуточный режим работы.";"8-915-686-19-06";"нет";"Бесконтактная мойка, зал ожидания,химчистка";"Нет";"Нет";"37.580508";"54.187728"
"Тепло-Огаревский район";"ИП Евстратова Г.В.""Авто Баня""";"Тепло-Огаревский район, д.Марьино, д.77";"Ежедневно с 9-00 до 19-00";"89156824034";"нет";"Ручная мойка";"Нет";"Нет";"37.555702";"53.653569"
"Тепло-Огаревский район";"ИП Печуркина Е.В.";"п.Теплое, ул.Фролова, д.16";"Ежедневно с9-00 до 19-00 ";"89509297093";"нет";"Ручная мойка";"Нет";"Нет";"37.582134";"53.629346"
"Суворовский район ";"Автомойка ООО ""Суворовавто-сервис""";"г.Суворов, ул.Островского, д. 7";"Ежедневно с 8-00 до 20-00";"8(48763)2-00-98 8-910-940-39-32 8-910-946-29-12";"нет";"Безконтактная мойка, химчистка салона, влажная уборка, пылесос, зал ожидания";"Нет";"Да";"36.4747870";"54.1332540"
"Суворовский район ";"ИП Сережкина Светлана Владимировна ""Автодом Серёжкин""";"г.Суворов, ул.Тульская, д. 25";"Пн-Сб. с 8:00 до 18:00 ";"8-920-748-99-21 8(48763) 2-01-78 +7 (915) 780-62-02 +7 (910) 701-69-52";"www.serejkin.ru";"Ручная мойка, безконтактная мойка, химчистка салона, зал ожидания";"Нет";"Нет";"36.513318.";"54.114531."
"Суворовский район ";"Автомойка ИП Романов В.А.";"г.Суворов, ул.Островского, д. 7а";"Ежедневно с 8-00 до 20-00";"нет";"нет";"Ручная мойка, безконтактная мойка, химчистка салона";"Нет";"Нет";"36.472465";"54.132948"
"Суворовский район ";"Автомойка ИП Швецова О.А.";"г.Суворов, ул.Островского, д.4";"Ежедневно с 8-00 до 20-00";"8-950-908-28-88";"нет";"Ручная мойка, безконтактная мойка, химчистка салона, зал ожидания ( чай, кофе - бесплатно)";"Да ";"Да ";"36.476169";"54.129079"
"Плавский район";"Автомойка ИП Бурмистров М.Н.";"Плавский район, п.Пригородный, ул. Геническая, 17 А";"Ежедневно с 9-00 до 21-00";"+7 920-751-27-71";"нет";"Ручная мойка, Химчистка салона, Зал ожидания";"Нет";"Нет";"37.278243";"53.695521"
"Одоевский район";"Ип Свистунов И.Н";"П. Одоев ул.Победы, д. 53 Б";"Ежедневно с 9-00 до 18-00";"8-910-557-82-69";"нет";"зал ожидания, чай, кофе, ручная мойка, бесконтактная мойка, химчистка";"Нет";"Да";"36.679965";"53.932134"
"Одоевский район";"Ип Трошин Н.Н";"п. Одоев ул. Карла Маркса, д. 152";"Ежедневно с 9-00 до 19-00";"8-905-115-47-91";"нет";"Мойка двигателя, ручная мойка";"Нет";"Нет";"36.687609";"53.921314"
"Одоевский район";"Ип Думчева Н.И";"п. Одоев ул. 50 лет Октября, д.135";"с 9-00 до 18-00, Воскресение выходной";"8-910-703-13-02";"нет";"Сомообслуживание";"Нет";"Нет";"36.665281";"53.936876"
"г. Новомосковск";"Автомойка «Express»";"Тульская область, г. Новомосковск, Комсомольское шоссе, 3";"Круглосуточно";"+7 950 907-37-37";"нет";"Мойка: автоматическая, ручная мойка. Шиномонтаж ";"Да";"Да";"38.256842";"54.044241"
"г. Новомосковск";"Автомойка «Clean-Авто»";"Тульская область, г. Новомосковск, ул. Дружбы, 8Б";"Круглосуточно";"+7 48762 4-09-10";"нет";"Мойка: бесконтактная, ручная, комплексная";"Нет";"Да";"38.270733";"54.026963"
"г. Новомосковск";"Автомойка ""Автобаня""";"Тульская область, г. Новомосковск, ул. Трудовые Резервы, 49Б";"Круглосуточно";"+7 953 431-15-15";"нет";"Мойка: бесконтактная, ручная. Химчистка салона";"Нет";"Да";"38.286675";"54.021829"
"г. Новомосковск";"Автомойка грузовых и легковых автомобилей";"Тульская область, г. Новомосковск, Узловский пр., 13";"Круглосуточно";"+7 910 551-69-89";"https://www.moikanmsk.ru/";"Мойка: бесконтактная, двигателя, грузовиков";"Да";"Да";"38.251961";"54.001446"
"г. Новомосковск";"Автомойка ""Vianor""";"Тульская область, г. Новомосковск, ул. Космонавтов, 37Г";"Круглосуточно";"8 800 700-14-84";"https://vianor.ru/";"Чернение резины, балансировка, полировка";"Нет";"Да";"38.249671";"54.006661"
"г. Новомосковск";"Автомойка ""Сам""";"Тульская область, г. Новомосковск, ул. Космонавтов, 35Б";"Круглосуточно";"";"https://pomoysam.ru/";"Мойка: бесконтактная, самообслуживания";"Нет";"Да";"38.252138";"54.007523"
"г. Новомосковск";"Автомойка ""Водолей Люкс""";"Тульская область, г. Новомосковск, Рязанское ш., 8";"Круглосуточно";"+7 903 039-18-01";"нет";"Мойка: ручная";"Нет";"Да";"38.319036";"54.025624"
"г. Новомосковск";"Автомойка «Clean-Авто»";"Тульская область, г. Новомосковск, ул. Первомайская, 77а";"Круглосуточно";"+7 910 702-05-02";"нет";"Мойка: бесконтактная, самообслуживания";"Нет";"Нет";"38.287995";"53.999427"
"Куркинский район";"Автомойка ИП Евстатова И.А.";"Тульская область, Куркинский район, п. Куркино, ул. Октябрьская д.41а";"с 9:00 до 18:00 ежедневно, без выходных";"8(920)772-82-33";"отсутствует";"Безконтактная мойка";"Нет";"Нет";"38.667901";"53.435979"
"Киреевский район";"Автомойка";"Тульская область г. Киреевск,ул. Октбрьская,д.53а";"ежедневно с 9-00 до18-00";"нет";"нет";"Ручная мойка, Зал ожидания";"Нет";"Нет";"37.928226";"53.934314"
"Киреевский район";"Автомойка";"Тульская область г.Киреевск, ул.Л.Толстого, территория ФОКа";"ежедневно с 9-00 до 18-00";"нет";"нет";"Ручная мойка";"Нет";"Нет";"37.928822";"53.925599"
"Киреевский район";"Автомойка ООО «Алдеан»";"Тульская область г.Киреевск, ул.М.Садовая, д.1";"ежедневно с 8-00 до 20-00";"48754 6 -63 -63";"http://aldean.ru";"Ручная мойка, Бесконтактная мойка Химчистка салона, Зал ожидания, кафе";"Нет";"Да";"37.918845";"53.932492"
"Киреевский район";"Автомойка";"Тульская область г.Киреевск, ул. Торговая, 25 в";"ежедневно с 8-00 до 21-00";"8 953 181 77 86";"нет";"Ручная мойка, Бесконтактная мойка, Зал ожидания";"Нет";"Нет";"37.931440";"53.937817"
"Киреевский район";"Автомойка 24 часа";"Тульская область г.Киреевск, ул. Тесакова";"ежедневно с 9-00 до 21-00";"8 920 783 86 49";"нет";" Бесконтактная мойка Химчистка салона, Зал ожидания";"Да, если это Газель";"Нет";"37.917336";"53.921374"
"Киреевский район";"Автомойка";"Тульская область г.Киреевск, ул.Горняков 26а";"ежедневно с 8-00 до 21-00";"8 910 942 22 09";"нет";"Ручная мойка, Бесконтактная мойка Химчистка салона, Зал ожидания, кафе";"Да";"Нет";"37.929284";"53.929870"
"Киреевский район";"Автомойка";"Тульская область, г. Болохово, ул. Сололвцова, д.9";"ежедневно с 8-00 до 22-00";"8 920 742 41 97";"нет";"Ручная мойка, Химчистка салона, Зал ожидания";"Нет";"Да";"37.827760";"54.081986"
"Киреевский район";"Автомойка";"Тульская область, Киреевский район, г. Липки, ул. Садовая, д.22";"ежедневно с 8-00 до18-00";"8 920 272 22 20";"нет";"Ручная мойка, Химчистка салона, Зал ожидания";"Нет";"Да";"37.702750";"53.943552"
"Киреевский район";"Автомойка";"Тульская область, Киреевский район, г. Липки, ул. Октябрьская, д.25";"ежедневно с 9-00 до18-00";"8 953 442 20 35";"нет";"Ручная мойка, Химчистка салона, Зал ожидания";"Нет";"Да";"37.696289";"53.936793"
"Киреевский район";"Автомойка";"Тульская обл., Киреевский район, п. Бородинский, ул. Гоголя, д. 32А";"ежедневно с 10-00 до18-00";"нет";"нет";"Ручная мойка, Химчистка салона, Зал ожидания";"Да";"Нет";"37.815763";"53.999187"
"Киреевский район";"Автомойка";"Тульская обл., Киреевский район, п. Стахановский, ул. Октябрьская, д. 1";"ежедневно с 9-00 до 22-00";"8 903 842 44 76";"нет";"Бесконтактная мойка, химчистка салона";"Да";"Нет";"37.793777";"54.068108"
"Кимовский район";"Автомойка ООО «Новый век»";"г.Кимовск, ул.Бессолова, д.59";"Ежедневно с 8-00 до 20-00 ";"8-919-078-00-80";"Нет";"Комплексная мойка, бесконтактная мойка, химчистка салона";"Нет";"Нет";"38.540548";"53.966571"
"Кимовский район";"Автомойка ИП Трегубов К.А.";"г.Кимовск, ул.Бессолова,д.58";"Ежедневно с 8-00 до 20-00 ";"8-910-555-52-05";"Нет";"Ручная мойка";"Нет";"Нет";"38.540553";"53.967248"
"Кимовский район";"Автомойка ИП Нестеров Ю.Ю.";"г.Кимовк, ул.Чапаева, д.1";"Ежедневно с 8-00до 21-00 ";"8-920-747-45-85";"Нет";"Комплексная мойка, восковое покрытие, бесконтактная мойка, химчистка салона";"Нет";"Нет";"38.551122";"53.960898"
"Кимовский район";"Автомойка ИП Пономаренко Е.С.";"г.Кимовск, поворот на 11-ю Гранковскую";"Ежедневно с 7-00до 21-00";"8-910-550-47-47";"Нет";"Ручная мойка, химчистка салона";"Нет";"Нет";"38.510389";"53.972733"
"Кимовский район";"Автомойка ИП Медведев Н.А.";"г.Кимовск, ул.Железнодорожный проезд, д.12";"Ежедневно с 8-00 до 19-00";"8-910-167-15-21";"Нет";"Ручная мойка, восковое покрытие, бесконтактная мойка";"Нет";"Нет";"38.520315";"53.967655"
"Кимовский район";"Автомойка ИП Трусов С.В.";"г.Кимовск,ул.Коммунистическая напротив д.24";"Ежедневно с 8-00 до 20-00";"8-910-077-76-55";"Нет";"Ручная мойка";"Нет";"Нет";"38.544707";"53.979959"
"Кимовский район";"Автомойка ИП Броян Р.С.";"г.Кимовск, ул.Коммунистическая, д. 5б";"Ежедневно с 9-00 до 20-00";"8-903-039-75-06";"Нет";"Ручная мойка";"Нет";"Нет";"38.541849";"53.980521"
"Заокский район";"Автомойка ООО «Трасса»";"Тульская обл., п. Заокский, ул. Поленова,5В";"Ежедневно с 8-00 до 20-00";"952-015-01-15";"http://autokristall.ru";"Ручная мойка, Химчистка салона.";"Нет";"Нет";"37.401007";"54.733588"
"Заокский район";"Автомойка ИП Самсонова С.Н.";"Тульская обл., п. Заокский, ул.Нечаевское шоссе,4";"Ежедневно с 8-00 до 20-00";"915-680-39-00";"http://moyka-i-shinomontazh";"Ручная мойка";"Нет";"Нет";"37.411032";"54.725446"
"Заокский район";"АвтомойкаИП Васильев О.В.";"Тульская обл., Заокскийр-н, ул. Магистральная";"Ежедневно с 8-00 до 21-00";"910-944-80-78";"нет";"Ручная мойка, химчистка салона, полировка кузова";"Да";"Нет";"37.444952";"54.751258"
"Заокский район";"АвтомойкаИП Грачева А.А.";"Тульская обл., Заокский р-н, д. Скрипово, ул. Лесная,65 ТЦ Березки";"Ежедневно с 9-00 до 20-00";"905-774-56-47";"нет";"Ручная мойка";"Нет";"Нет";"37.366089";"54.739347"
"Заокский район";"АвтомойкаИП Радченко С.С.";"Тульская обл., п.Заокский, ул. Поленова 2д.";"Ежедневно с 8-00 до 20-00";"964-786-96-96";"нет";"Ручная мойка, чистка салона, зал ожидания";"Нет";"Нет";"37.401007";"54.733588"
"Дубенский район ";"ООО ""Альянс""";"Тульская область, п. Дубна, ул. Тургенева, 15 б";"Ежедневно с 9-00 до 19-00";"8(930)791-34-32";"нет";"Контактная мойка, химчистка";"Нет";"Нет";"36.945891";"54.157019"
"Воловский район";"Придорожный комплекс ""Автомойка""";"Тульская обл., п.Волово, ул. Слепцова, д.19а";"Ежедневно, с 9-00 до 20-00, выходной: понедельник";"+7 909 263 85 50";"нет";"Ручная мойка, химчистка ковров и ковровых покрытий, химчистка салонов автомобилей, препродажная подготовка автомобилей, зал ожидания";"Нет";"Нет";"37.995251";"53.553689"
"Воловский район";"Автомойка ИП Воропаев В.Г.";"Тульская обл., п.Волово, ул. Базарная,д.3";"Ежедневно, с 9-00 до 18-00, выходной: воскресенье ";"+7 920 756 36 36";"нет";"Ручная мойка, химчистка салонов автомобилей, препродажная подготовка автомобилей, зал ожидания";"Нет";"Нет";"38.010927";"53.559803"
"Веневский район";"Автомойка ";"г. Венев, ул. Кольцевая, д.1а";"Ежедневно с 08:00 до 24:00";"79534335585";"нет";"Автоматическая мойка, Бесконтактная мойка, Химчистка салона, Зал ожидания, Мойка двигателя, Мойка днища";"Да";"Нет";"38.254369";"54.355546"
"Веневский район";"Автомойка";"г. Венев, ул. Советская 32/1";"Ежедневно с 09:00 до 18:30";"+7 (48745) 2–49–94 +7–910–700–65–27";"нет";"Мойка автомобилей, Бесконтактная мойка, Ручная мойка, Зал ожидания";"Нет";"Нет";"38.272278";"54.352195"
"Веневский район";"Автомойка G service";"г. Венев, Электрич еский переулок д.1б";"Ежедневно с 09:00 до 20:00";"+7 (48745) 2–11–10 +7–925–795–70–06 +7–960–616–66–26";"нет";"Мойка автомобилей, Химчистка салона, Зал ожидания, Мойка двигателя, Полировка кузова";"Да";"Да";"38.255134";"54.356188"
"Веневский район";"Автомойка ";"Веневский р-он, д. Кончинка, ул. Дорожная, д. 25";"Ежедневно, круглосуточно";"8(495) 345-31-91";"нет";"Мойка автомобилей, Химчистка салона, Зал ожидания";"Да";"Нет";"38.15755";"54.678926"
"Веневский район";"Автомойка";"г. Венев, ул. Кольцевая, д.1а";"Ежедневно с 9:00 до 18:00";"+7–920–278–45–06";"нет";"Мойка автомобилей, Химчистка салона, Зал ожидания";"Нет";"Нет";"38.254369";"54.355546"
"Белевский район";"ИП Симонян А.А.";"г.Белев, ул.Никольская,д.3";"ежедневно с 09-00 до 22-00";"8920 772-29-99";"нет";"Ручная мойка, химчистка салона";"Нет";"Нет";"36.140356";"53.805707"
"Белевский район";"ИП Желтухин Н.Н.";"г.Белев, ул.Рабочая,105-а";"ежедневно с 09-00 до 19-00";"8920 747-02-10";"нет";"Бесконтактная мойка, зал ожидания";"Нет";"Да";"36.149195";"53.821151"
"Белевский район";"ИП Тимохин М.Ю.";"г.Белев, ул.Рабочая, 102";"Ежедневно с 10-00 до 20-00";"";"нет";"Бесконтактная мойка, пылесос";"Нет";"Нет";"";""
"Белевский район";"ИП Татаринов П.И.";"г.Белев, ул.Красногвардейская,8";"Ежедневно С 10-00 до 20-00";"89065323876";"нет";"Бесконтактная мойка,";"Нет";"Да";"";""
"Арсеньевский район";"ИП Гурьянов В.И. «Автомойка»";"п.Арсеньево ул.Бандикова д.53";"Ежедневно с 8-00 до 19-00";"89105554040";"Не имеется";"Мойка ручная";"Нет";"Да";"36.657031";"53.735865"
"Арсеньевский район";"ИП Джусмаев С.А. «Автомойка»";"п.Арсеньево ул.Бандикова д.48б";"Ежедневно с 8-00 до 19-00";"89531962990";"Не имеется";"Ручная мойка,химчистка салона,бесконтактная мойка";"Нет";"Нет";"36.660373";"53.735284"
"г. Алексин";"ИП Яткунос В.Ю.";"г. Алексин, ул. Матросова, д. 3";"круглосуточно";"8-953-193-46-41";"нет";"бесконтактная химчистка салона, ручная и бесконтактная мойка, зал ожидания";"Нет";"Нет";"37.055715";"54.504019"
"г. Алексин";"ИП Яткунос В.Ю.";"территория базы отдыха «Заполярье»";"С 09-00 до 21-00";"8-902-900-16-46";"нет";"бесконтактная химчистка салона, ручная и бесконтактная мойка, зал ожидания";"Да";"Нет";"37.130761";"54.550482"
"г. Алексин";"ООО «Люкс»";"г. Алексин, ул. Матросова, д. 23";"С 09-00 до 21-00";"8-910-557-81-01";"нет";"бесконтактная химчистка салона, ручная и бесконтактная мойка, зал ожидания, мойка ковров";"Нет";"Нет";"37.059031";"54.507286"
"г. Алексин";"ИП Бутузкин П.В.";"г. Алексин, ул Арматурная";"С 09-00 до 21-00";"8-906-531-88-78";"нет";"бесконтактная химчистка салона, ручная и бесконтактная мойка, зал ожидания";"Нет";"Нет";"37.042406";"54.521348"
"г. Алексин";"Люкс Авто";"г. Алексин, ул. Ломоносова, д. 63 А";"С 09-00 до 21-00";"8-953-955-53-75";"нет";"бесконтактная химчистка салона, ручная и бесконтактная мойка, зал ожидания";"Нет";"Нет";"37.106789";"54.500282"
"г. Алексин";"ООО НДД";"г. Алексин, ул. Здоровья, 3 б";"круглосуточно";"8-915-699-83-93";"нет";"бесконтактная химчистка салона, ручная и бесконтактная мойка, зал ожидания";"Нет";"есть";"37.080154";"54.526113"
"г. Алексин";"ООО «НЕО»";"г. Алексин, ул. Дубравная, 29 а";"С 09-00 до 21-00";"8-48753-6-50-25";"нет";"бесконтактная химчистка салона, ручная и бесконтактная мойка, зал ожидания";"Нет";"есть";"37.124739";"54.511690"
"г. Донской";"Автомоечный комплекс ""Водолей""";"г. Донской, мкр. Центральный, Железнодрожный пр. 16а";"Ежедневно с 7-00 до 23-00";"8(48746) 5-97-63";"нет";"ручная мойка,мойка самообслуживания, химчистка салона, зал ожидания, бесплатный чай,кофе";"Нет";"Да";"38.304963";"53.96627"
"г. Донской";"Автомойка ""Мой авто""";"г. Донской, мкр. Центральный, ул. Заводская, д. 1ж";"Круглосуточно";"нет";"нет";"ручная мойка, химчистка салона, зал ожидания, бесплатный чай,кофе";"Нет";"Нет";"38.32739";"53.964095"
"г. Донской";"Автомойка ""Мотор""";"г. Донской, мкр. Центральный, ул. Герцена, д. 16";"Еждневно с 9-00 до 20-00";"нет";"нет";"ручная мойка, мойка самообслуживания, химчистка салона";"Нет";"Нет";"38.348532";"53.967957"
"г. Донской";"Мойка самообслуживания";"г. Донской, мкр. Центральный, ул. Молодцова, д. 5в";"Круглосуточно";"нет";"нет";"ручная, мойка самообслуживания, зал ожидания";"Нет";"Нет";"38.317805";"53.963959"
"г. Донской";"Автомойка ""Родник""";"г. Донской, мкр. Центральный, у л. Герцена, д. 18в";"Круглосуточно";"нет";"нет";"ручная мойка,мойка самообслуживания, химчистка салона, зал ожидания, бесплатный чай,кофе";"Нет";"Нет";"";""
"г. Донской";"Автомойка ""Еmех""";"г. Донской, мкр. Новоугольный, ул. Новомосковская, д. 34а";"круглосуточно";"нет";"https://nm sk- shina.ru/av to_moyka";"ручная мойка, химчистка салона, зал ожидания";"Нет";"Нет";"38.310028";"53.980009"
"г. Донской";"Автомойка ""У Катюши""";"г. Донской, мкр. Новоугольный, ул. Новомосковская, д. 56";"Круглосуточно";"нет";"нет";"ручная мойка, химчистка салона, зал ожидания, кофемашина";"Нет";"Нет";"38.308278";"53.984984"
"г. Донской";"Автомойка ""Барс""";"г. Донской, мкр. Новоугольный, ул. Кирпичная, д. 7Б";"Ежедневно с 9-00 до 18-00, обед с 13-00 до 14-00, вых. - воскр.";"8(48746)5-97-17";"нет";"ручная мойка,химчистка салона";"Нет";"Нет";"38.311509";"53.980095"
"г. Донской";"Автомойка";"г. Донской, мкр. Северо-Задонск, ул. Мичурина, л. 3";"Ежедневно с 8-00 до 23-00";"нет";"нет";"ручная мойка, химчистка салона";"Нет";"Нет";"38.379699";"54.023938"
"Щекинский район";"Автомойка";"г. Щекино, ул. Московская, д-16";"Ежедневно с 9-00 до 21-00";"5-34-53";"galishev2 @ rambler.ru";"Ручная мойка, химчистка салона, зал ожидания";"Нет";"Нет";"37.519665";"54.017876"
"Щекинский район";"Автомойка";"г. Щекино, ул. Советская, Д.2а";"Ежедневно с 8-00 до 20-00";"910-161- 14-32";"нет";"Ручная мойка, химчистка салона, кафе";"Нет";"Нет";"37.513334";"54.011533"
"Щекинский район";"Автомойка Самообслуживания";"г. Щекино, ул. Советская, Д-2";"Ежедневно кругло- суточно";"";"нет";"Безконтак тная мойка";"Нет";"Нет";"37.514913";"54.014855"
"Щекинский район";"Автобаня";"г. Щекино, ул. Пирогова, Д-2а";"Ежедневно с 9-00 до 20-00";"910-160- 60-70";"нет";"Ручная мойка, химчистка салона, зал ожидания";"Нет";"Да";"37.496569";"54.013602"
"Щекинский район";"Автомойка";"г. Щекино, ул. Лукашина, д.18а";"Ежедневно с 8-00 до 20-00";"910-947- 61-66";"нет";"Ручная мойка, химчистка салона, зал ожидания";"Нет";"Нет";"37.510835";"54.023134"
"Щекинский район";"Автомойка «Маяк»";"г. Щекино, ул. Болдина, д.1";"Ежедневно с 8-00 до 20-00";"920-751- 88-88";"нет";"Ручная мойка, химчистка салона, зал ожидания";"Нет";"Нет";"37.513644";"54.019115"
"Щекинский район";"Автомойка";"г. Щекино, ул. Болдина, Д-36";"Ежедневно с 8-00 до 22-00";"953-954- 77-03";"нет";"Ручная мойка, химчистка салона, зал ожидания";"Да";"Да";"37.503621";"54.012871"
"Щекинский район";"Автомойка";"г. Щекино, ул. Угольная, д.Юа";"Ежедневно с 9-00 до 19-00";"953-433- 58-49";"нет";"Ручная мойка, зал ожидания";"Нет";"Нет";"37.616500";"54.093727"
"Щекинский район";"Автомойка";"д. Ясенки, ул. Щекинская, Д-7";"Ежедневно с 8-00 до 24-00";"910-556- 40-40";"нет";"Ручная мойка, химчистка салона";"Нет";"Нет";"37.507637";"54.026297"
"Щекинский район";"Автомойка";"г. Советск, ул. Энергетиков, Д-82";"Ежедневно с 9-00 до 21-00";"";"нет";"Ручная мойка, химчистка салона, зал ожидания";"Да";"Нет";"37.620197";"53.927904"
"Щекинский район";"Автомойка Самообслуживания «Сам»";"р.п. Первомайски й ул. Пролетарская, Д-19";"Ежедневно, круглосуточно";"";"www.oom «У sam.ru";"Безконтак тная мойка";"Нет";"Нет";"37.492994";"54.03275"
"Щекинский район";"Автобаня";"р.п. Первомайский, ул. Пролетарская, д. 135";"Ежедневно с 9-00 до 21-00";"";"нет";"Безконтак тная мойка, химчистка";"Да";"Нет";"37.489787";"54.033051"
"Щекинский район";"Автомойка";"п. Шахта, 20 ул. Центральная, Д-4";"Ежедневно с 8-00 до 20-00";"";"нет";"Безконтак тная мойка";"Нет";"Нет";"37.379336";"53.926243"
"Щекинский район";"Автомойка";"п. Лазарево, ул. Октябрьская, д-6";"Суббота - Воскресенье с 9-00 до 18-00";"953-428- 64-64";"нет";"Безконтак тная мойка";"Нет";"Нет";"37.486547";"53.848819"
"Чернский район";"Автомойка «O’bereg»";"Тульская область, п. Чернь, ул. Свободная, д. 151";"Ежедневно с 8-00 до 20-00";"8 953 442-27-70";"";"Контактная и Безконтактная мойка, Химчистка салона, Полировка кузова, Зал ожидания, кафе, чай, Стирка ковров";"Нет";"Да";"36.926462";"53.455082"
"Богородицкий район";"ИП Романенко Александр Николаевич";"Заводской приезд д.2 (территория ""Ресурса"")";"еждневно с 9.00-21.00";"920-767-00-99";"нет";"ручная мойка, химчистка салона, зал ожидания";"Нет";"Да";"38.107304";"53.768899"
"Богородицкий район";"ИП Четвериков Дмитрий Валентинович";"проезд Заводской 2в";"ежедневно 8.00-21.00";"8(48761)5- 25-55";"нет";"ручная мойка, химчистка салона, зал ожидания";"Да";"Да";"38.107425";"53.767006"
"Богородицкий район";"ИП Кюлян Сергей Ашотович";"ул.Волынкина Д.7";"ежедневно 9.00-20.30";"953-972- 75- 38;8(48761) 2-15-28";"нет";"ручная мойка, химчистка салона, зал ожидания";"Нет";"Да";"38.116336";"53.780168"
"Богородицкий район";"ИП Птицын Александр Владимирович";"ул.Волынкина, д.19а";"ежедневно 9.00-20.00";"8-953-950- 10-22";"нет";"ручная мойка, зал ожидания";"Да";"Нет";"38.118407";"53.78508"
"р.п. Новогуровский";"Автомойка";"п. Новогуровский, ул. Мира, д. 9";"ежедневно с 10-00 до 21-00";"89056285335";"нет";"Ручная мойка, химчистка салона";"Нет";"Нет";"37.333333";"54.466667"
"р.п. Новогуровский";"Автомойка";"п. Новогуровский, ул. Мира, д. 11";"ежедневно с 10-00 до .21-00";"89207461775";"нет";"Ручная мойка, химчистка салона";"Да";"Нет";"37.333333";"54.466667"
"г. Ефремов";"ИП Миронов Николай Петрович";"г. Ефремов, ул. Некрасова, 15 квартал";"8.00-20.00";"8-910-941-39-83";"нет";"Ручная мойка, зал ожидания";"Нет";"Нет";"38.123593";"53.149356"
"г. Ефремов";"ООО ""Автомир+""";"г. Ефремов, микрорайон ""Южный""";"8.00-20 00";"8-48741-2-85-92";"нет";"Ручная мойка, химчистка салона, зал ожидания, кафе";"Нет";"Да";"38.137787";"53.111238"
"г. Ефремов";"ИП Богатырев Олег Вячеславович";"г. Ефремов, ул. Тульское шоссе, д. 133В";"8.00 17.00";"8-48741-6-06 69";"нет";"Ручная мойка, зал ожидания, кафе";"Нет";"Да";"38.07053";"53.150074"
"г. Ефремов";"ИП Балтабаева Наталия Викторовна";"г. Ефремов, ул. Тульское шоссе, д. 4";"8 00 22 00";"8-48741-6-69-46";"нет";"Ручная мойка, химчистка салона, зал ожидания";"Нет";"Да";"38.09641";"53.147158"
"г. Ефремов";"ИП Талагаев Андрей Иванович";"г. Ефремов, ул. Строителей, д. 22а";"8.00 20 00";"8 960-615-00 92";"нет";"Бесконтактная мойка, зал ожидания, кафе";"Нет";"Нет";"38.091766";"53.156436"
"г. Ефремов";"Мойка 24 часа";"г. Ефремов, ул. Строителей, д. 4б";"Круглосуточно";"8-920-751-11-18";"нет";"Ручная мойка, химчистка салона, зал ожидания";"Нет";"Нет";"38.097659";"53.155145"
"Узловский район";"ИП Чернецов А.В. «МойАвто»";"г. Узловая, ул. Тульская, ориентир дом 41-а";"круглосуто чно";"903-843- 12-18";"нет";"Ручная мойка, химчистка салона";"Да";"Нет";"38.141633";"53.992863"
"Узловский район";"ИП Елисеев Алексей Юрьевич ООО ""Южные Ворота""";"г. Узловая ул. 14 Декабря, д. 60-а";"С 9.00 до 21.00";"960-594- 51-20";"нет";"Ручная мойка, химчистка салона";"Нет";"Да";"38.162620";"53.959459"
"Узловский район";"ИП Мишин С.С. «Автомойка»";"г. Узловая, ул. Заводская, д. 1";"С 9.00 до 22.00";"920-276- 62-21";"нет";"Ручная мойка, химчистка салона";"Нет";"Нет";"38.175762";"53.969571"
"Узловский район";"ИП Митин И.А. автосервис «Мастер»";"г. Узловая, ул. Заводская, д.9";"С 9.00 до 22.00";"(48731) 5-75-05";"нет";"Ручная мойка, химчистка салона";"Нет";"Нет";"38.172636";"53.970433"
"Узловский район";"Автосервис «Автоклуб» Колосов П.В.";"г. Узловая, ул. Циолковского д. 5-а";"круглосуточно";"960-594- 84-11";"нет";"Ручная мойка, химчистка салона";"Нет";"Да";"38.153621";"53.980358"
"Узловский район";"ИП Самойлов И.А.";"г. Узловая, Советская площадь, д. 8";"С 9.00 до 20.00";"960-598- 99-95";"нет";"Ручная мойка, химчистка салона";"Нет";"Нет";"38.163146";"53.983945"
"Узловский район";"ИП Васильев Р.С. «Автомойка»";"г. Узловая, Советская площадь, д. 9";"С 9.00 до 21.00";"967-431- 55-00";"нет";"Ручная мойка, химчистка салона";"Нет";"Нет";"38.163624";"53.983489"
"Узловский район";"ИП Красников А.В. «Мотор-сервис»";"г. Узловая, ул. Линейная,д. 80";"С 9.00 до 21.00";"48731-5- 00-79";"нет";"Ручная мойка, химчистка салона";"Да";"Нет";"38.141293";"53.994518"
