﻿name;address;lat;lng
Афродита ;1-й Стрелецкий пр., 3Б;55.79748; 37.60796
Студия красоты Эйфория ;Октябрьская ул., 69;55.79475; 37.61213
Салон красоты Фиеста ;Старомарьинское ш., 6, корп. 1;55.80309; 37.61256
Lanester ;ул. Сущёвский Вал, 43;55.7933; 37.60983
Салон Юлии Дубицкой ;Октябрьская ул., 35;53.97374; 38.52755
Клеопатра ;Стрелецкая ул., 16;55.79594; 37.60765
СтрижКО ;Октябрьская ул., 60, корп. 1;55.79579; 37.61323
Парикмахерская Эконом ;Старомарьинское ш., 6, корп. 1;55.80309; 37.61256
Лаборатория красоты Angel Wings ;Полковая ул., 3, стр. 5;55.79907; 37.60483
Студия наращивания ресниц Eva Grin ;17-й пр. Марьиной Рощи, 4, корп.;55.80853; 37.61134
Maija ;Октябрьская ул., 18;54.20679; 37.61903
Нюанс ;ул. Образцова, 14;55.78788; 37.61071
Салон красоты Филирина ;Октябрьская ул., 36;53.97331; 38.52814
Центр лазерной стоматологии и косметологии Рокосклиник ;17-й пр. Марьиной Рощи, 1;55.80739; 37.61151
Студия колористики Chi ;Октябрьский пер., 23;44.98438; 41.15989
Спа-Театр Ирины Цветковой ;ул. Сущёвский Вал, 43, стр. 2;55.79388; 37.61013
Nezhinka Studio ;1-я Ямская ул., 8;55.79499; 37.6104
 Katarina Hair ;Старомарьинское ш., 23;55.80375; 37.61088
Студия Анны Газаровой ;ул. Сущёвский Вал, 43, стр. 2;55.79388; 37.61013
Beauty Star ;Сущёвский Вал, 43;55.7933; 37.60983
Tecna Beauty ;Полковая ул., 16;55.79731; 37.60462
Бутик-студия крастоты Asai ;ул. Двинцев, 12, корп. 1Б;55.7964921; 37.5990322
Rosie ;Новосущёвская ул., 15;55.7909; 37.60339
TOPGUN ;ул. Сущёвский Вал, 18;55.79189; 37.60349
TOPGUN ;Шереметьевская ул., 6, корп. 1;55.79551; 37.61704
Mass Alaska ;Сущёвский Вал, 22;55.79247; 37.60493
Apaches ; Сущёвский Вал, 22;55.79247; 37.60493
Фэшн студия ПанТера ;Октябрьская ул., 38, корп. 1;55.79035; 37.61377
Алиса ;Лазаревский пер., 8;55.79107; 37.6147
Кокетка ;ул. Советской Армии, 17/52;55.79204; 37.61601
Vita ;ул. Советской Армии, 17/52;55.79204; 37.61601
Ap-cosmetics ;5-й пр. Марьиной Рощи, 3/7;55.79846; 37.6229
Леди X ;2-я ул. Марьиной Рощи, 10/14;55.79489; 37.61951
Pomades ;ул. Сущёвский Вал, 63;55.79332; 37.62067
W Nail Bar ;Сущёвский Вал, 63;55.79332; 37.62067
Салон красоты Mangosteen ;2-я ул. Марьиной Рощи, 2А;55.79401; 37.62034